100017534461465,Монос Энхжин, МУБ Монос Энхжин
100020293308844,Монос Багануур, МУБ Монос Хэрлэн Багануур
100020772488327,Салбарын удирдлагын алба, МУБ Монос 13
100020782539133,Салбарын удирдлагын алба, МУБ Монос 5 шар
100020824053782,Салбарын удирдлагын алба, МУБ Монос 25
100021404764678,Салбарын удирдлагын алба, МУБ Монос Хавдар
100021363909747,Салбарын удирдлагын алба, МУБ Цамба
100021262343025,Салбарын удирдлагын алба, МУБ Монос 18
100021296181348,Салбарын удирдлагын алба, МУБ Монос Өнөр
100021353353885,Салбарын удирдлагын алба, МУБ Монос Хүрээ
100021334786393,Салбарын удирдлагын алба, МУБ Монос Далай ээж
100021364032433,Салбарын удирдлагын алба, МУБ Монос Зүүнхараа
100021368801785,Салбарын удирдлагын алба, МУБ Говь-Алтай
100021425164120,Салбарын удирдлагын алба, МУБ Монос 16
100021376060933,Салбарын удирдлагын алба, МУБ Монос Дархан 2
100021275333782,Салбарын удирдлагын алба, МУБ Өмнөговь аймаг Цогтцэций
100021327857311,Салбарын удирдлагын алба, МУБ Монос Эх Нялхас
100021352604016,Салбарын удирдлагын алба, МУБ Монос Органик
100021456690913,Салбарын удирдлагын алба, МУБ Монос Баян-Өлгий
100021392888667,Салбарын удирдлагын алба, МУБ Монос Содон
100021449671747,Салбарын удирдлагын алба, МУБ Монос 10
100021279143485,Салбарын удирдлагын алба, МУБ Монос Оффицер
100021296421163,Салбарын удирдлагын алба, МУБ Ботаник Оргил худалдааны төв
100021417815226,Салбарын удирдлагын алба, МУБ Монос 6 буудал
100021361512519,Салбарын удирдлагын алба, МУБ Монос Рапид
100021458160654,Салбарын удирдлагын алба, МУБ Монос Өргөө
100021286732403,Салбарын удирдлагын алба, МУБ Монос 15
100021290242235,Салбарын удирдлагын алба, МУБ Монос Баянзүрх товчоо
100021309859704,Салбарын удирдлагын алба, МУБ Монос Амгалан
100021446252220,Салбарын удирдлагын алба, МУБ Монос И Март
100021432603535,Салбарын удирдлагын алба, МУБ Монос 11
100021361482976,, МУБ Монос Оргил
100021307759719,Салбарын удирдлагын алба, МУБ Монос Сансар
100021338535679,Салбарын удирдлагын алба, МУБ Монос 6
100021322307807,Салбарын удирдлагын алба, МУБ Монос Жанцан
100021296931302,Салбарын удирдлагын алба, МУБ Өвөрхангай аймаг
100021380530619,Салбарын удирдлагын алба, МУБ Монос Магда
100021405397178,Салбарын удирдлагын алба, МУБ Монос Сансар
100021372431176,Салбарын удирдлагын алба, МУБ Дорноговь аймаг
100021387489764,Салбарын удирдлагын алба, МУБ Монос 3
100021412986305,Салбарын удирдлагын алба, МУБ Монос Өргөө
100021384550133,Салбарын удирдлагын алба, МУБ Баянзүрхийн зах
100021305210056,Салбарын удирдлагын алба, МУБ Монос Төв
100021445802324,Салбарын удирдлагын алба, МУБ Монос Баянмонгол
100021316518596,Салбарын удирдлагын алба, МУБ Монос Хархорин
100021313189413,Салбарын удирдлагын алба, МУБ Монос Оргил Налайх
100021384069943,Салбарын удирдлагын алба, МУБ Сонсголон
100021276893839,Салбарын удирдлагын алба, МУБ Монос Дархан 1
100021420604372,Салбарын удирдлагын алба, МУБ Монос Багануур
100021424204099,Салбарын удирдлагын алба, МУБ Монос Толгойт
100021371051546,Салбарын удирдлагын алба, МУБ Монос Ганзам
100021292011978,Салбарын удирдлагын алба, МУБ Халдвар өвчин судлалын төв
100021451891439,Салбарын удирдлагын алба, МУБ Монос Метромолл
100021399277835,Салбарын удирдлагын алба, МУБ Монос Төмөр зам
100021382900039,Салбарын удирдлагын алба, МУБ Монос Зайсан
100021311989164,Салбарын удирдлагын алба, МУБ Монос Эрдэнэт
100021407076955,Салбарын удирдлагын алба, МУБ Монос Наран
100021392978712,Салбарын удирдлагын алба, МУБ Увс аймаг
100021397958265,Салбарын удирдлагын алба, МУБ Монос Максмолл
100021362592573,Салбарын удирдлагын алба, МУБ Монос Жуков
100021414875510,Салбарын удирдлагын алба, МУБ Монос Хоум плаза 1
100021435063527,Салбарын удирдлагын алба, МУБ Хангай хороолол
100021461340292,Салбарын удирдлагын алба, МУБ Монос Орчлон
100021396548314,Салбарын удирдлагын алба, МУБ Чулуун овоо Номин
100021294923757,Салбарын удирдлагын алба, МУБ Монос Энканто
100021394960832,Салбарын удирдлагын алба, МУБ Биокомбинат
100021628419277,Салбарын удирдлагын алба, МУБ Монос Дархан 3
100021561977817,Салбарын удирдлагын алба, МУБ Монос Яармаг
100021658931539,Салбарын удирдлагын алба, МУБ Монос 32
100021893212906,Салбарын удирдлагын алба, МУБ Монос Налайх
100022028824578,Салбарын удирдлагын алба, МУБ Монос Сансар
100021941206300,Салбарын удирдлагын алба, МУБ Монос 25
100021987580421,Салбарын удирдлагын алба, МУБ Монос Дархан 3
100021946815675,Салбарын удирдлагын алба, МУБ Монос Хархорин
100022015806483,Салбарын удирдлагын алба, МУБ Монос Багануур
100022008037985,Салбарын удирдлагын алба, МУБ Монос Метромалл
100021888683608,Салбарын удирдлагын алба, МУБ Монос Дорноговь
100021898881631,Салбарын удирдлагын алба, МУБ Монос Хархорин
100021889043335,Салбарын удирдлагын алба, МУБ Монос 16
100021914059888,Салбарын удирдлагын алба, МУБ Монос Баянмонгол
100021898581904,Салбарын удирдлагын алба, МУБ Монос Орчлон
100021917119800,Салбарын удирдлагын алба, МУБ Монос Хархорин
100022067100219,Салбарын удирдлагын алба, МУБ Монос Хархорин
100021927348087,Салбарын удирдлагын алба, МУБ Монос 13
100021893512929,Салбарын удирдлагын алба, МУБ Монос Баян-Өлгий
100021934487408,Салбарын удирдлагын алба, МУБ Монос 5 шар
100022004108218,Салбарын удирдлагын алба, МУБ Монос Говь-Алтай
100021986620279,Салбарын удирдлагын алба, МУБ Монос 5 шар
100021953024548,Салбарын удирдлагын алба, МУБ Монос Эрдэнэт
100021927678082,Салбарын удирдлагын алба, МУБ Монос 37
100021893872660,Салбарын удирдлагын алба, МУБ Монос 25
100021921349085,Салбарын удирдлагын алба, МУБ Монос Натур
100021972492472,Салбарын удирдлагын алба, МУБ Монос 25
100021934307170,Салбарын удирдлагын алба, МУБ Монос Толгойт
100021960313980,Салбарын удирдлагын алба, МУБ Монос Натур
100022050272537,Салбарын удирдлагын алба, МУБ Монос Сонсголон
100021972372678,Салбарын удирдлагын алба, МУБ Монос Дархан 1
100021996669544,Салбарын удирдлагын алба, МУБ Монос 37
100022039593905,Салбарын удирдлагын алба, МУБ Монос Амгалан
100022051322351,Салбарын удирдлагын алба, МУБ Монос Хангай
100021883643655,Салбарын удирдлагын алба, МУБ Монос Содон
100021919969406,Салбарын удирдлагын алба, МУБ Монос 13
100022027774757,Салбарын удирдлагын алба, МУБ Монос Төв
100021964243685,Салбарын удирдлагын алба, МУБ Монос 32
100021955244403,Салбарын удирдлагын алба, МУБ Монос Хоум плаза 1
100022034044571,Салбарын удирдлагын алба, МУБ Монос Биокомбинат
100021942646142,Салбарын удирдлагын алба, МУБ Монос Оффицер
100022066980242,Салбарын удирдлагын алба, МУБ Монос Оффицер
100022041243625,Салбарын удирдлагын алба, МУБ Монос Оргил
100021988300214,Салбарын удирдлагын алба, МУБ Монос Дархан 2
100022061370849,Салбарын удирдлагын алба, МУБ Монос 11
100021883643656,Салбарын удирдлагын алба, МУБ Монос 6 буудал
100021973692191,Салбарын удирдлагын алба, МУБ Монос 5 шар
100022015656590,Салбарын удирдлагын алба, МУБ Монос 16
100021972732353,Салбарын удирдлагын алба, МУБ Монос Эрдэнэт
100021990400257,Салбарын удирдлагын алба, МУБ Монос Хужирбулан
100021932807389,Салбарын удирдлагын алба, МУБ Монос Эх Нялхас
100021939226385,Салбарын удирдлагын алба, МУБ Монос Дархан 3
100021900801955,Салбарын удирдлагын алба, МУБ Монос Метромолл
100022007378164,Салбарын удирдлагын алба, МУБ Монос Сүхбаатар
100021964993426,Салбарын удирдлагын алба, МУБ Монос Баянхошуу
100021930498001,Салбарын удирдлагын алба, МУБ Монос Хүрээ
100021935087134,Салбарын удирдлагын алба, МУБ Монос Энканто
100021960733977,Салбарын удирдлагын алба, МУБ Монос 13
100021917809425,Салбарын удирдлагын алба, МУБ Монос 6
100021984280170,Салбарын удирдлагын алба, МУБ Монос 19 үйлчилгээний төв
100021972102337,Салбарын удирдлагын алба, МУБ Монос Дархан 1
100021954014465,Салбарын удирдлагын алба, МУБ Монос Баянзүрх зах
100022060020844,Салбарын удирдлагын алба, МУБ Монос 25
100021998738492,Салбарын удирдлагын алба, МУБ Монос 3
100022043192695,Салбарын удирдлагын алба, МУБ Монос Энхжин
100022047092599,Салбарын удирдлагын алба, МУБ Монос Баянмонгол
100021941056439,Салбарын удирдлагын алба, МУБ Монос 10
100022046642632,Салбарын удирдлагын алба, МУБ Монос Төв
100021944745990,Салбарын удирдлагын алба, МУБ Монос Увс
100021998468516,Салбарын удирдлагын алба, МУБ Монос Төв
100021922968258,Салбарын удирдлагын алба, МУБ Монос Парксайд
100022030834572,Салбарын удирдлагын алба, МУБ Монос Оффицер
100021891293082,Салбарын удирдлагын алба, МУБ Монос Говь-Алтай
100021903441471,Салбарын удирдлагын алба, МУБ Монос 5 шар
100021912349749,Салбарын удирдлагын алба, МУБ Монос 3
100021952694532,Салбарын удирдлагын алба, МУБ Монос Оргил
100021938626541,Салбарын удирдлагын алба, МУБ Монос Баянзүрх товчоо
100021927018002,Салбарын удирдлагын алба, МУБ Монос Оргил
100021892642821,Салбарын удирдлагын алба, МУБ Монос Сансар
100021986830490,Салбарын удирдлагын алба, МУБ Монос Жуков
100021954554717,Салбарын удирдлагын алба, МУБ Монос Дэнжийн 1000
100022062150801,Салбарын удирдлагын алба, МУБ Монос Чулуун овоо
100022035124377,Салбарын удирдлагын алба, МУБ Монос 18
100021951404569,Салбарын удирдлагын алба, МУБ Монос 18
100021881243426,Салбарын удирдлагын алба, МУБ Монос Яармаг
100021949065433,Салбарын удирдлагын алба, МУБ Монос 37
100021929718016,Салбарын удирдлагын алба, МУБ Монос Баянхошуу
100021976512103,Салбарын удирдлагын алба, МУБ Монос Хархорин
100021898671790,Салбарын удирдлагын алба, МУБ Монос Төмөр зам
100021924527953,Салбарын удирдлагын алба, МУБ Монос Сансар
100022036534154,Салбарын удирдлагын алба, МУБ Монос Налайх
100022015116528,Салбарын удирдлагын алба, МУБ Монос Хорооллын эцэс
100021966882653,Салбарын удирдлагын алба, МУБ Монос 37
100022037374142,Салбарын удирдлагын алба, МУБ Монос Эрдэнэт
100021953084578,Салбарын удирдлагын алба, МУБ Монос Баянзүрх зах
100021937246570,Салбарын удирдлагын алба, МУБ Монос Зайсан
100022032844507,Салбарын удирдлагын алба, МУБ Монос Хоум плаза 2
100022026755524,Салбарын удирдлагын алба, МУБ Монос Дархан 1
100022014156530,Салбарын удирдлагын алба, МУБ Монос Далай Ээж
100021908990077,Салбарын удирдлагын алба, МУБ Монос Жанцан
100022031044639,Салбарын удирдлагын алба, МУБ Монос Оргил
100021955784468,Салбарын удирдлагын алба, МУБ Монос 3
100021990160317,Салбарын удирдлагын алба, МУБ Монос Метромалл
100022027384662,Салбарын удирдлагын алба, МУБ Монос 13
100021891622793,Салбарын удирдлагын алба, МУБ Монос Хархорин
100022033054518,Салбарын удирдлагын алба, МУБ Монос 13
100021952244435,Салбарын удирдлагын алба, МУБ Монос Эрдэнэт
100021906530827,Салбарын удирдлагын алба, МУБ Монос Мөнхжин
100021915259478,Салбарын удирдлагын алба, МУБ Монос Чингис
100021964183301,Салбарын удирдлагын алба, МУБ Монос Хавдар
100021967272785,Салбарын удирдлагын алба, МУБ Монос Метромолл
100022005398599,Салбарын удирдлагын алба, МУБ Монос 11
100022028344724,Салбарын удирдлагын алба, МУБ Монос Дархан 1
100022015446448,Салбарын удирдлагын алба, МУБ Монос Энхжин
100022038843900,Салбарын удирдлагын алба, МУБ Монос Содон
100022003988427,Салбарын удирдлагын алба, МУБ Монос Баян-Өлгий
100021984760412,Салбарын удирдлагын алба, МУБ Монос Номин Баянзүрх
100021978161709,Салбарын удирдлагын алба, МУБ Монос Дорноговь
100021965592530,Салбарын удирдлагын алба, МУБ Монос Өнөр
100022040583676,Салбарын удирдлагын алба, МУБ Монос Магда
100021942016178,Салбарын удирдлагын алба, МУБ Монос Хүрээ
100021939016333,Салбарын удирдлагын алба, МУБ Монос Биокомбинат
100021912859952,Салбарын удирдлагын алба, МУБ Монос Наран
100022011817432,Салбарын удирдлагын алба, МУБ Монос 25
100021967872600,Салбарын удирдлагын алба, МУБ Монос Сүхбаатар
100021986920525,Салбарын удирдлагын алба, МУБ Монос 11
100021891022911,Салбарын удирдлагын алба, МУБ Монос Зунжин
100021929538237,Салбарын удирдлагын алба, МУБ Монос Содон
100021955844256,Салбарын удирдлагын алба, МУБ Монос Багануур
100022059060876,Салбарын удирдлагын алба, МУБ Монос Дүнжингарав
100022030894556,Салбарын удирдлагын алба, МУБ Монос Наран
100021947985622,Салбарын удирдлагын алба, МУБ Монос 11
100021957644327,Монос Дэнжийн 1000, МУБ Монос Дэнжийн 1000
100021991539931,Салбарын удирдлагын алба, МУБ Монос Сансар
100021889702874,Салбарын удирдлагын алба, МУБ Монос Амгалан
100021963254032,Салбарын удирдлагын алба, МУБ Монос 5 шар
100021949365605,Салбарын удирдлагын алба, МУБ Монос 37
100021930078036,Салбарын удирдлагын алба, МУБ Монос 13
100021970212423,Салбарын удирдлагын алба, МУБ Монос Максмалл
100021959983873,Салбарын удирдлагын алба, МУБ Монос 11
100021977891829,Салбарын удирдлагын алба, МУБ Монос 3
100022052732122,Салбарын удирдлагын алба, МУБ Монос Төмөр зам
100022048682592,Салбарын удирдлагын алба, МУБ Монос Өргөө Номин
100021925308376,Салбарын удирдлагын алба, МУБ Монос Хоум плаза 2
100021992019997,Салбарын удирдлагын алба, МУБ Монос Сансар
100021911209891,Салбарын удирдлагын алба, МУБ Монос Хэнтий
100022059540860,Салбарын удирдлагын алба, МУБ Монос Магда
100021937456424,Салбарын удирдлагын алба, МУБ Монос Цогтцэций
100022111421454,Салбарын удирдлагын алба, МУБ Монос 2
100022258148342,Салбарын удирдлагын алба, МУБ Монос Хангай
100023681874213,Борлуулалт маркетингийн газар, МУБ Монос Төв
100023969253771,СУА, МУБ Монос Магда
100023973753284,Монос Энхжин, МУБ Монос Энхжин
100023951045649,Монос 11, МУБ Монос 11
100023973723530,Монос Метромалл, МУБ Монос Метромолл
100023960053520,Монос Ботаник, МУБ Монос Ботаник
100023921632571,Салбарын удирдлагын алба, МУБ Монос Дүнжингарав
100024460763646,Монос Дархан-3, МУБ Монос Дархан 3
100024486680355,Монос Амгалан, МУБ Монос Налайх
100024574058090,, МУБ Монос Хужирбулан
100025361739791,Салбарын удирдлагын алба, МУБ Монос Натур
100025446240357,Монос И март, МУБ Монос Максмолл
100025416814463,Монос 25, МУБ Монос 25
100025405116051,Монос Дүнжингарав, МУБ Монос Дүнжингарав
100025729923487,Борлуулалт маркетингийн газар, МУБ Монос Хорооллын эцэс
100026119360403,Монос Парксайд, МУБ Монос Парксайд
100026130699385,Монос Энканто, МУБ Монос Энканто
100026099356862,, МУБ Монос Сансар
100026529517316,Салбарын удирдлагын алба, МУБ Монос Номин Баянзүрх