100015616721869,НБА-37,НБА-37
100017534461465,Монос Энхжин,Монос Улаанбаатар ХХК
100020293308844,Монос Багануур,Монос Багануур
100020772488327,Салбарын удирдлагын алба,MUB Monos 13
100020782539133,Салбарын удирдлагын алба,МУБ Монос 5 шар
100020824053782,Салбарын удирдлагын алба,MUB Мonos 25
100021404764678,Салбарын удирдлагын алба,МУБ Хавдар судлалын үндэсний төв
100021363909747,Салбарын удирдлагын алба,МУБ Цамба
100021262343025,Салбарын удирдлагын алба,МУБ Клиникийн 2-р эмнэлэг
100021327857311,Салбарын удирдлагын алба,МУБ Эх нялхас
100021368801785,Салбарын удирдлагын алба,МУБ Говь-Алтай
100021275333782,Салбарын удирдлагын алба,МУБ Өмнөговь аймаг Цогтцэций
100021376060933,Салбарын удирдлагын алба,МУБ Дархан
100021425164120,Салбарын удирдлагын алба,МУБ Цайз
100021296181348,Салбарын удирдлагын алба,МУБ Өнөр хороолол
100021364032433,Салбарын удирдлагын алба,МУБ Зүүнхараа
100021334786393,Салбарын удирдлагын алба,МУБ Далай ээж худалдааны төв
100021353353885,Салбарын удирдлагын алба,МУБ 2 төрөх
100021449671747,Салбарын удирдлагын алба,МУБ 10 хороолол
100021392888667,Салбарын удирдлагын алба,МУБ Содон хороолол
100021352604016,Салбарын удирдлагын алба,МУБ Органик худалдааны төв ХУД
100021456690913,Салбарын удирдлагын алба,МУБ Баян-Өлгий аймаг
100021279143485,Салбарын удирдлагын алба,МУБ Оффицер
100021296421163,Салбарын удирдлагын алба,МУБ Ботаник Оргил худалдааны төв
100021417815226,Салбарын удирдлагын алба,МУБ 6 буудал Оргил
100021361512519,Салбарын удирдлагын алба,МУБ Рапид хороолол
100021458160654,Салбарын удирдлагын алба,МУБ 1-р төрөх
100021286732403,Салбарын удирдлагын алба,МУБ Эрдэнэ толгой
100021290242235,Салбарын удирдлагын алба,МУБ Баянзүрх товчоо
100021309859704,Салбарын удирдлагын алба,МУБ Амгалан төв
100021446252220,Салбарын удирдлагын алба,МУБ И март худалдааны төв
100021432603535,Салбарын удирдлагын алба,МУБ 11 хороолол
100021380530619,Салбарын удирдлагын алба,МУБ 3-4 хороолол
100021296931302,Салбарын удирдлагын алба,МУБ Өвөрхангай аймаг
100021338535679,Салбарын удирдлагын алба,МУБ Бичил хороолол
100021405397178,Салбарын удирдлагын алба,МУБ ХУД Номин
100021372431176,Салбарын удирдлагын алба,МУБ Дорноговь аймаг
100021361482976,Салбарын удирдлагын алба,
100021307759719,Салбарын удирдлагын алба,МУБ Сансар
100021387489764,Салбарын удирдлагын алба,МУБ Модны 2
100021322307807,Салбарын удирдлагын алба,МУБ Жанцан
100021412986305,Салбарын удирдлагын алба,МУБ Баянхошуу
100021384550133,Салбарын удирдлагын алба,МУБ Баянзүрхийн зах
100021305210056,Салбарын удирдлагын алба,МУБ Мэргэжилтний 20
100021445802324,Салбарын удирдлагын алба,МУБ Баянмонгол хороолол
100021316518596,Салбарын удирдлагын алба,МУБ Хархорин
100021313189413,Салбарын удирдлагын алба,МУБ Налайх дүүрэг
100021384069943,Салбарын удирдлагын алба,МУБ Сонсголон
100021276893839,Салбарын удирдлагын алба,МУБ Дархан
100021420604372,Салбарын удирдлагын алба,МУБ Багануур дүүрэг
100021424204099,Салбарын удирдлагын алба,МУБ Толгойт
100021371051546,Салбарын удирдлагын алба,МУБ Ган зам
100021292011978,Салбарын удирдлагын алба,МУБ Халдвар өвчин судлалын төв
100021399277835,Салбарын удирдлагын алба,МУБ Төмөр зам
100021451891439,Салбарын удирдлагын алба,МУБ Метромалл худалдааны төв
100021382900039,Салбарын удирдлагын алба,МУБ Зайсан Будда виста
100021311989164,Салбарын удирдлагын алба,МУБ Эрдэнэт
100021407076955,Салбарын удирдлагын алба,МУБ Нарны хороолол
100021392978712,Салбарын удирдлагын алба,МУБ Увс аймаг
100021397958265,Салбарын удирдлагын алба,МУБ Максмалл худалдааны төв
100021362592573,Салбарын удирдлагын алба,МУБ Жуков
100021414875510,Салбарын удирдлагын алба,МУБ Хоумплаза сансар
100021307609740,Салбарын удирдлагын алба,МУБ Хоумплаза Баянмонгол
100021461340292,Салбарын удирдлагын алба,МУБ Орчлон хороолол
100021396548314,Салбарын удирдлагын алба,МУБ Чулуун овоо Номин
100021435063527,Салбарын удирдлагын алба,МУБ Хангай хороолол
100021294923757,Салбарын удирдлагын алба,МУБ Оргил Энканто хотхон
100021394960832,Салбарын удирдлагын алба,МУБ Биокомбинат
100021628419277,Салбарын удирдлагын алба,МУБ Дархан
100021561977817,Салбарын удирдлагын алба,МУБ Яармаг
100021658931539,Салбарын удирдлагын алба,МУБ Номин 32-ын тойрог
100021689018361,Салбарын Удирдлагын алба,МУБ Шангри Ла малл
100021694597600,Салбарын удирдлагын алба,МУБ Улсын их дэлгүүр
100021617690012,ОНБА Хэнтий,Хэнтий аймаг
100021888683608,Салбарын удирдлагын алба,МУБ Монос Дорноговь
100022008037985,Салбарын удирдлагын алба,МУБ Монос Метромалл
100021941206300,Салбарын удирдлагын алба,МУБ Монос 25
100021987580421,Салбарын удирдлагын алба,МУБ Монос Дархан 3
100021946815675,Салбарын удирдлагын алба,МУБ Монос Хархорин
100022015806483,Салбарын удирдлагын алба,МУБ Монос Багануур
100021893212906,Салбарын удирдлагын алба,МУБ Монос Налайх
100022028824578,Салбарын удирдлагын алба,МУБ Монос Сансар
100021898881631,Салбарын удирдлагын алба,МУБ Монос Зүүн хараа
100021889043335,Салбарын удирдлагын алба,МУБ Монос Офицер
100021914059888,Салбарын удирдлагын алба,МУБ Монос Сансар
100021898581904,Салбарын удирдлагын алба,МУБ Монос Орчлон
100021917119800,Салбарын удирдлагын алба,МУБ Монос Хархорин
100022067100219,Салбарын удирдлагын алба,МУБ Монос Хархорин
100021986620279,Салбарын удирдлагын алба,МУБ Монос 5 шар
100021934487408,Салбарын удирдлагын алба,МУБ Монос 5 шар
100022004108218,Салбарын удирдлагын алба,МУБ Монос Говь-Алтай
100021893512929,Салбарын удирдлагын алба,МУБ Монос Баян-Өлгий
100021927348087,Салбарын удирдлагын алба,МУБ Монос 13
100021927678082,Салбарын удирдлагын алба,МУБ Монос 37
100021893872660,Салбарын удирдлагын алба,МУБ Монос 25
100021953024548,Салбарын удирдлагын алба,МУБ Монос Эрдэнэт
100021921349085,Салбарын удирдлагын алба,МУБ Монос 13
100021960313980,Салбарын удирдлагын алба,МУБ Монос Сансар
100022051322351,Салбарын удирдлагын алба,МУБ Монос Хангай
100022039593905,Салбарын удирдлагын алба,МУБ Монос И Март
100021934307170,Салбарын удирдлагын алба,МУБ Монос 37
100022050272537,Салбарын удирдлагын алба,МУБ Монос Сонсголон
100021972372678,Салбарын удирдлагын алба,МУБ Монос Дархан 2
100021972492472,Салбарын удирдлагын алба,МУБ Монос 25
100021996669544,Салбарын удирдлагын алба,МУБ Монос 37
100021883643655,Салбарын удирдлагын алба,МУБ Монос Содон
100021964243685,Салбарын удирдлагын алба,МУБ Монос Ботаник
100021919969406,Салбарын удирдлагын алба,МУБ Монос 13
100022027774757,Салбарын удирдлагын алба,МУБ Монос Төв ФМ
100021955244403,Салбарын удирдлагын алба,МУБ Монос Зайсан
100022034044571,Салбарын удирдлагын алба,МУБ Монос Биокомбинат
100021942646142,Салбарын удирдлагын алба,МУБ Монос Оффицер
100022066980242,Салбарын удирдлагын алба,МУБ Монос Оффицер
100022041243625,Салбарын удирдлагын алба,МУБ Монос Оргил
100021988300214,Салбарын удирдлагын алба,МУБ Монос Дархан 1
100022061370849,Салбарын удирдлагын алба,МУБ Монос Хархорин
100021883643656,Салбарын удирдлагын алба,МУБ Монос 11
100021973692191,Салбарын удирдлагын алба,МУБ Монос 5 шар
100022015656590,Салбарын удирдлагын алба,МУБ Монос 16
100021972732353,Салбарын удирдлагын алба,МУБ Монос Эрдэнэт
100021990400257,Салбарын удирдлагын алба,МУБ Монос 37
100021932807389,Салбарын удирдлагын алба,МУБ Монос Эх Нялхас
100021939226385,Салбарын удирдлагын алба,МУБ Монос Дархан 3
100021900801955,Салбарын удирдлагын алба,МУБ Монос Оргил
100022007378164,Салбарын удирдлагын алба,МУБ Монос Сүхбаатар
100021964993426,Салбарын удирдлагын алба,МУБ Монос 5 шар
100021930498001,Салбарын удирдлагын алба,МУБ Монос Хүрээ
100021935087134,Салбарын удирдлагын алба,МУБ Монос Далай Ээж
100021960733977,Салбарын удирдлагын алба,МУБ Монос 13
100021917809425,Салбарын удирдлагын алба,МУБ Монос 6
100021984280170,Салбарын удирдлагын алба,МУБ Монос Өргөө
100021972102337,Салбарын удирдлагын алба,МУБ Монос Дархан 1
100021954014465,Салбарын удирдлагын алба,МУБ Монос Баянзүрх зах
100022060020844,Салбарын удирдлагын алба,МУБ Монос 25
100021998738492,Салбарын удирдлагын алба,МУБ Монос Зайсан
100022043192695,Салбарын удирдлагын алба,МУБ Монос Энхжин
100022047092599,Салбарын удирдлагын алба,МУБ Монос Баянмонгол
100021941056439,Салбарын удирдлагын алба,МУБ Монос Магда
100022046642632,Салбарын удирдлагын алба,МУБ Монос Төв
100021944745990,Салбарын удирдлагын алба,МУБ Монос Увс
100021998468516,Салбарын удирдлагын алба,МУБ Монос Төв
100021922968258,Салбарын удирдлагын алба,МУБ Монос Энканто
100022030834572,Салбарын удирдлагын алба,МУБ Монос Далай Ээж
100021891293082,Салбарын удирдлагын алба,МУБ Монос Говь-Алтай
100021903441471,Салбарын удирдлагын алба,МУБ Монос 5 шар
100021912349749,Салбарын удирдлагын алба,МУБ Монос 3
100021952694532,Салбарын удирдлагын алба,МУБ Монос Оргил
100021938626541,Салбарын удирдлагын алба,МУБ Монос Баянзүрх товчоо
100021927018002,Салбарын удирдлагын алба,МУБ Монос Оргил
100021892642821,Салбарын удирдлагын алба,МУБ Монос Сансар
100021986830490,Салбарын удирдлагын алба,МУБ Монос Сансар
100021954554717,Салбарын удирдлагын алба,МУБ Монос Номин 32
100022062150801,Салбарын удирдлагын алба,МУБ Монос Оргил
100021976512103,Салбарын удирдлагын алба,МУБ Монос Хархорин
100021881243426,Салбарын удирдлагын алба,МУБ Монос Хархорин
100021966882653,Салбарын удирдлагын алба,МУБ Монос 37
100022035124377,Салбарын удирдлагын алба,МУБ Монос Магда
100021898671790,Салбарын удирдлагын алба,МУБ Монос Төмөр зам
100021924527953,Салбарын удирдлагын алба,МУБ Монос Сансар
100021929718016,Салбарын удирдлагын алба,МУБ Монос Баянхошуу
100021949065433,Салбарын удирдлагын алба,МУБ Монос 37
100022036534154,Салбарын удирдлагын алба,МУБ Монос Налайх
100022015116528,Салбарын удирдлагын алба,МУБ Монос Өнөр
100021951404569,Салбарын удирдлагын алба,МУБ Монос 18
100022037374142,Салбарын удирдлагын алба,МУБ Монос Эрдэнэт
100021990160317,Салбарын удирдлагын алба,МУБ Монос Метромалл
100021953084578,Салбарын удирдлагын алба,МУБ Монос Баянзүрх зах
100021937246570,Салбарын удирдлагын алба,МУБ Монос Зайсан
100022032844507,Салбарын удирдлагын алба,МУБ Монос Хоум плаза 2
100022026755524,Салбарын удирдлагын алба,МУБ Монос Дархан 1
100022014156530,Салбарын удирдлагын алба,МУБ Монос Далай Ээж
100021908990077,Салбарын удирдлагын алба,МУБ Монос 6 буудал
100022031044639,Салбарын удирдлагын алба,МУБ Монос Оргил
100021955784468,Салбарын удирдлагын алба,МУБ Монос 3
100021952244435,Салбарын удирдлагын алба,МУБ Монос Эрдэнэт
100021891622793,Салбарын удирдлагын алба,МУБ Монос Хархорин
100021906530827,Салбарын удирдлагын алба,МУБ Монос Мөнхжин
100022033054518,Салбарын удирдлагын алба,МУБ Монос Магда
100021967272785,Салбарын удирдлагын алба,МУБ Монос 18
100022027384662,Салбарын удирдлагын алба,МУБ Монос 13
100021915259478,Салбарын удирдлагын алба,МУБ Монос Чингис
100021964183301,Салбарын удирдлагын алба,МУБ Монос Онко
100022005398599,Салбарын удирдлагын алба,МУБ Монос 11
100022040583676,Салбарын удирдлагын алба,МУБ Монос Магда
100022015446448,Салбарын удирдлагын алба,МУБ Монос Энхжин
100022038843900,Салбарын удирдлагын алба,МУБ Монос Содон
100022003988427,Салбарын удирдлагын алба,МУБ Монос Баян-Өлгий
100021984760412,Салбарын удирдлагын алба,МУБ Монос Амгалан
100021978161709,Салбарын удирдлагын алба,МУБ Монос Дорноговь
100022028344724,Салбарын удирдлагын алба,МУБ Монос Дархан 1
100021965592530,Салбарын удирдлагын алба,МУБ Монос 3
100021939016333,Салбарын удирдлагын алба,МУБ Монос Баянмонгол
100021912859952,Салбарын удирдлагын алба,МУБ Монос Наран
100022011817432,Салбарын удирдлагын алба,МУБ Монос 25
100021967872600,Салбарын удирдлагын алба,МУБ Монос Сүхбаатар
100021986920525,Салбарын удирдлагын алба,МУБ Монос 11
100021942016178,Салбарын удирдлагын алба,МУБ Монос 37
100021891022911,Салбарын удирдлагын алба,МУБ Монос Яармаг
100021955844256,Салбарын удирдлагын алба,МУБ Монос Багануур
100021929538237,Салбарын удирдлагын алба,МУБ Монос Содон
100022059060876,Салбарын удирдлагын алба,МУБ Монос Хоум плаза 1
100022030894556,Салбарын удирдлагын алба,МУБ Монос Наран
100021947985622,Салбарын удирдлагын алба,МУБ Монос 11
100021957644327,Монос Дэнжийн 1000,МУБ СУА
100021963254032,Салбарын удирдлагын алба,МУБ Монос 5 шар
100021991539931,Салбарын удирдлагын алба,МУБ Монос Сансар
100021889702874,Салбарын удирдлагын алба,МУБ Монос Амгалан
100021970212423,Салбарын удирдлагын алба,МУБ Монос Максмалл
100021959983873,Салбарын удирдлагын алба,МУБ Монос 11
100021977891829,Салбарын удирдлагын алба,МУБ Монос Энканто
100021930078036,Салбарын удирдлагын алба,МУБ Монос 13
100021949365605,Салбарын удирдлагын алба,МУБ Монос Жуков
100022052732122,Салбарын удирдлагын алба,МУБ Монос Төмөр зам
100022048682592,Салбарын удирдлагын алба,МУБ Монос Ганзам
100021925308376,Салбарын удирдлагын алба,МУБ Монос Ганзам
100021992019997,Салбарын удирдлагын алба,МУБ Монос Сансар
100021937456424,Салбарын удирдлагын алба,МУБ Монос Цогтцэций
100021911209891,Салбарын удирдлагын алба,МУБ Монос Хэнтий
100022059540860,Салбарын удирдлагын алба,МУБ Монос Магда
100021946611316,Салбарын удирдлагын алба,МУБ Монос 6 буудал
100022111421454,Салбарын удирдлагын алба,МУБ Монос 2
100022258148342,Салбарын удирдлагын алба,МУБ СУА
100023681874213,Борлуулалт маркетингийн газар,МУБ СУА
100023969253771,СУА,Монос Магда
100023973753284,Монос Энхжин,Монос Энхжин
100023821432436,Монос 5 шар,МУБ Монос 5 шар
100023951045649,Монос 11,Монос 11
100023973723530,Монос Метромалл,Монос Метромалл
100023960053520,Монос Ботаник,Монос Ботаник
100023921632571,Салбарын удирдлагын алба,БЗД 26-р хороо Дүнжингарав худалдааны төв худалдааны зааланд
100024196242016,Салбарын удирдлагын алба,Баянгол дүүрэг 20-р хороо Цамбагарав Өнөр хороолол
100024486680355,Монос Амгалан,МУБ МБГ
100024460763646,Монос Дархан-3,МУБ МБГ
100024574058090,Монос Оффицер,МУБ МБГ
100025111659399,Монос Жуков,Монос Жуков
100025037448304,Монос Яармаг,Монос Яармаг
100025106349644,Монос Далай Ээж,Монос Далай Ээж
100025074224060,Монос Ган зам,Монос Ган зам
100025141534892,Монос 6,Монос 6
100025172161862,Монос Магда,Монос магда
100025361739791,Салбарын удирдлагын алба,Баянзүрх дүүрэг 13-р хороолол Натур төв
100025446240357,Монос И март,Монос И март
100025428782490,Монос 25,Монос 25
100025416964484,Чанар Хяналтын алба,MP Монос Эмийн үйлдвэр / Сонсголон 32Б
100025416814463,Монос 25,Монос 25
100025405116051,Монос Дүнжингарав,Монос Дүнжингарав
100025729923487,Борлуулалт маркетингийн газар,МУБ Салбарын удирдлагын алба
100025751221177,Борлуулалт маркетингийн газар,МУБ СУА
100026119360403,Монос Парксайд,МУБ СУА
100026130699385,Монос Энканто,МУБ СУА
100026529517316,Салбарын удирдлагын алба,Скайтауэр
